Date,Open,High,Low,Close,Volume
8-Dec-15,104.00,106.91,103.95,106.49,20401791
7-Dec-15,106.48,106.83,104.66,105.61,15474890
4-Dec-15,104.75,107.73,104.11,106.18,21224721
3-Dec-15,103.95,106.85,103.35,104.38,23236485
2-Dec-15,107.00,107.92,105.79,106.07,24429063
1-Dec-15,104.83,107.15,104.50,107.12,22781868
30-Nov-15,105.84,106.10,103.75,104.24,20383179
27-Nov-15,105.78,105.96,104.86,105.45,5913066
25-Nov-15,106.33,106.60,105.10,105.41,15150785
24-Nov-15,106.00,106.49,104.39,105.74,23577293
23-Nov-15,107.19,107.47,106.08,106.95,19897220
20-Nov-15,106.84,107.87,106.62,107.32,22129648
19-Nov-15,107.36,107.73,105.95,106.26,25520599
18-Nov-15,105.80,107.88,105.39,107.77,23836526
17-Nov-15,104.62,106.20,104.14,105.13,26807230
16-Nov-15,102.06,104.17,100.47,104.04,49309167
13-Nov-15,107.71,108.25,103.83,103.95,30278403
12-Nov-15,108.48,109.39,108.00,108.02,20924674
11-Nov-15,108.27,109.87,107.11,109.01,25057099
10-Nov-15,106.17,108.15,105.24,107.91,25031681
9-Nov-15,107.00,108.25,105.86,106.49,26383540
6-Nov-15,108.04,108.74,105.91,107.10,35084342
5-Nov-15,108.80,110.65,107.95,108.76,63232861
4-Nov-15,103.19,104.14,102.48,103.94,43469308
3-Nov-15,103.22,103.65,102.40,102.58,21242341
2-Nov-15,101.72,103.47,101.18,103.31,24003944
30-Oct-15,104.40,104.72,101.65,101.97,33487104
29-Oct-15,103.96,105.12,103.52,104.88,20316691
28-Oct-15,103.90,104.48,102.92,104.20,24081515
27-Oct-15,102.94,104.10,102.40,103.70,23795472
26-Oct-15,103.58,103.81,101.55,103.77,25961212
23-Oct-15,101.91,102.85,100.16,102.19,42809661
22-Oct-15,97.79,99.73,97.55,99.67,26392075
21-Oct-15,97.37,98.18,96.47,97.11,22003730
20-Oct-15,98.73,99.59,96.56,97.00,30881777
19-Oct-15,97.18,98.57,96.92,98.47,23729924
16-Oct-15,96.18,97.59,95.35,97.54,25412856
15-Oct-15,94.99,96.30,94.90,95.96,27557516
14-Oct-15,94.08,95.20,93.61,94.07,19253351
13-Oct-15,93.66,95.37,93.55,94.12,19480347
12-Oct-15,93.32,94.60,92.67,94.26,18449562
9-Oct-15,92.90,93.74,92.24,93.24,20012911
8-Oct-15,92.75,93.22,90.47,92.47,27290523
7-Oct-15,93.11,93.66,91.37,92.40,24129277
6-Oct-15,94.08,94.17,92.34,92.80,22488275
5-Oct-15,92.94,94.27,92.66,94.01,27292517
2-Oct-15,88.90,92.20,88.37,92.07,37881652
1-Oct-15,90.05,90.95,88.36,90.95,29283652
30-Sep-15,88.44,90.02,88.01,89.90,36169146
29-Sep-15,89.10,90.06,85.72,86.67,42281838
28-Sep-15,92.08,92.29,88.18,89.21,41199870
25-Sep-15,95.79,95.85,92.06,92.77,28961622
24-Sep-15,93.06,94.76,92.24,94.41,29105964
23-Sep-15,93.40,94.32,92.80,93.97,21701427
22-Sep-15,93.77,94.68,91.92,92.96,36888893
21-Sep-15,94.62,96.49,94.52,95.55,28789973
18-Sep-15,93.20,95.19,93.05,94.40,62299984
17-Sep-15,93.37,95.51,92.90,94.34,27841803
16-Sep-15,92.90,93.60,92.63,93.45,16321193
15-Sep-15,92.37,93.25,91.79,92.90,18859351
14-Sep-15,92.31,92.62,91.60,92.31,20127871
11-Sep-15,91.68,92.08,91.13,92.05,21185049
10-Sep-15,90.07,92.06,89.63,91.98,26333820
9-Sep-15,90.78,91.98,90.17,90.44,32551123
8-Sep-15,89.69,90.24,88.83,89.53,27012543
4-Sep-15,87.20,88.39,86.70,88.26,27328667
3-Sep-15,89.76,89.82,87.73,88.15,27048198
2-Sep-15,88.81,89.89,87.63,89.89,27190527
1-Sep-15,86.85,89.39,86.50,87.23,36097370
31-Aug-15,90.60,91.05,88.89,89.43,32850666
28-Aug-15,89.88,91.48,89.79,91.01,33215885
27-Aug-15,89.10,90.06,87.19,89.73,42431375
26-Aug-15,85.95,87.46,83.26,87.19,45124302
25-Aug-15,86.95,87.67,83.00,83.00,52021230
24-Aug-15,77.03,87.14,72.00,82.09,83710727
21-Aug-15,87.52,89.18,85.61,86.06,62778680
20-Aug-15,93.54,94.77,90.46,90.56,44598224
19-Aug-15,94.63,96.10,94.16,95.31,23251271
18-Aug-15,94.08,95.85,94.04,95.17,22278848
17-Aug-15,94.42,94.46,93.39,93.93,18313531
14-Aug-15,93.54,94.72,93.21,94.42,15929656
13-Aug-15,94.05,94.73,93.35,93.43,17390570
12-Aug-15,92.70,94.44,91.19,94.19,27120375
11-Aug-15,93.73,94.76,92.90,93.62,22491031
10-Aug-15,95.68,95.90,93.63,94.15,21624153
7-Aug-15,95.38,95.40,93.61,94.30,23199145
6-Aug-15,97.18,98.74,94.42,95.12,42271318
5-Aug-15,95.25,97.09,95.18,96.44,29813174
4-Aug-15,93.79,94.73,93.33,94.06,20136036
3-Aug-15,93.53,95.08,92.80,94.14,29343117
31-Jul-15,94.95,96.33,93.95,94.01,46509045
30-Jul-15,94.91,95.81,91.80,95.21,86211323
29-Jul-15,96.32,97.28,94.74,96.99,64648320
28-Jul-15,94.84,95.56,93.31,95.29,35235993
27-Jul-15,96.58,96.61,93.83,94.17,38585381
24-Jul-15,97.35,97.76,95.88,96.95,33444930
23-Jul-15,96.96,97.45,94.81,95.44,29418833
22-Jul-15,96.74,97.58,95.92,97.04,28299518
21-Jul-15,98.95,99.24,97.14,98.39,39453332
20-Jul-15,95.85,98.60,95.36,97.91,54860541
17-Jul-15,92.55,95.39,92.54,94.97,54001635
16-Jul-15,90.28,90.86,89.77,90.85,21804086
15-Jul-15,90.00,90.99,89.42,89.76,30886601
14-Jul-15,90.46,90.80,89.65,89.68,26627849
13-Jul-15,88.66,90.22,88.42,90.10,29976670
10-Jul-15,87.35,88.22,86.77,87.95,23245873
9-Jul-15,86.73,87.60,85.65,85.88,23307402
8-Jul-15,86.29,86.75,85.44,85.65,24399340
7-Jul-15,87.80,87.85,85.23,87.22,33059921
6-Jul-15,86.49,88.18,86.39,87.55,24635915
2-Jul-15,87.40,87.44,86.34,87.28,16908781
1-Jul-15,86.77,87.95,86.49,86.91,25260045
30-Jun-15,86.60,86.70,85.57,85.76,23233183
29-Jun-15,86.61,87.50,85.73,85.80,35957872
26-Jun-15,88.12,88.34,86.83,88.01,38214647
25-Jun-15,89.26,89.40,87.84,87.98,27301967
24-Jun-15,87.66,89.25,87.45,88.86,41370227
23-Jun-15,84.96,87.97,84.76,87.88,50667853
22-Jun-15,83.41,84.97,83.31,84.74,29383079
19-Jun-15,82.83,82.98,82.12,82.51,23353194
18-Jun-15,81.64,83.19,81.57,82.90,26782573
17-Jun-15,81.76,82.22,81.34,81.79,18350287
16-Jun-15,80.82,81.51,80.45,81.06,13693666
15-Jun-15,80.55,80.93,80.07,80.71,18805087
12-Jun-15,81.37,82.09,81.20,81.53,11417882
11-Jun-15,82.31,82.90,81.36,81.83,18656811
10-Jun-15,80.83,82.60,80.81,82.16,21531208
9-Jun-15,80.60,81.19,79.32,80.67,16497538
8-Jun-15,81.82,82.00,80.13,80.67,16915471
5-Jun-15,81.87,82.46,81.51,82.14,16143093
4-Jun-15,82.14,82.95,81.51,82.05,20863877
3-Jun-15,81.35,82.53,81.25,82.44,31774993
2-Jun-15,79.76,81.35,79.56,80.44,18923300
1-Jun-15,79.30,80.38,78.66,80.29,18119012
29-May-15,79.95,80.07,78.88,79.19,16134580
28-May-15,80.25,81.07,80.00,80.14,11982008
27-May-15,79.60,80.66,79.43,80.55,14160865
26-May-15,80.43,80.60,79.08,79.34,16321339
22-May-15,80.35,81.31,80.25,80.54,19567937
21-May-15,80.19,80.92,80.08,80.48,13402749
20-May-15,80.47,81.10,79.46,80.55,23056899
19-May-15,81.25,81.69,80.55,80.63,17955389
18-May-15,80.33,81.38,80.23,80.88,21613674
15-May-15,81.41,81.52,80.18,80.42,27069884
14-May-15,78.94,81.84,78.67,81.37,49437996
13-May-15,77.72,78.53,77.65,78.44,21512309
12-May-15,77.87,77.89,76.79,77.46,21285310
11-May-15,78.48,79.03,77.93,78.01,18874054
8-May-15,79.10,79.23,78.03,78.51,19943595
7-May-15,78.00,78.94,77.56,78.42,19749428
6-May-15,77.97,78.81,77.05,78.10,28663026
5-May-15,78.55,78.80,77.22,77.56,22311318
4-May-15,79.33,79.69,78.63,78.81,14691991
1-May-15,79.24,79.76,78.11,78.99,24136358
30-Apr-15,80.01,80.96,78.32,78.77,28999005
29-Apr-15,80.01,81.39,79.52,80.46,26430258
28-Apr-15,81.83,81.90,80.23,80.68,23775344
27-Apr-15,81.87,82.93,81.63,81.91,25446032
24-Apr-15,82.77,82.94,81.48,81.53,29660356
23-Apr-15,84.10,85.59,82.41,82.41,73728080
22-Apr-15,84.32,84.74,83.65,84.63,45547963
21-Apr-15,84.00,84.49,83.54,83.62,27171852
20-Apr-15,81.54,83.15,81.24,83.09,28796761
17-Apr-15,81.48,82.11,80.37,80.78,24214983
16-Apr-15,82.47,83.07,82.15,82.31,13769687
15-Apr-15,83.55,83.66,82.27,82.70,22390943
14-Apr-15,83.17,83.69,82.44,83.52,19634173
13-Apr-15,81.93,83.94,81.92,83.01,26883094
10-Apr-15,82.21,82.61,81.91,82.04,12529738
9-Apr-15,82.50,82.80,81.71,82.17,15927281
8-Apr-15,82.63,83.10,81.84,82.28,18966732
7-Apr-15,82.65,83.42,82.22,82.32,17467042
6-Apr-15,80.80,82.81,80.80,82.44,19062934
2-Apr-15,82.25,82.56,81.44,81.56,19664053
1-Apr-15,82.50,82.72,80.87,81.66,22058167
31-Mar-15,82.90,83.50,82.21,82.22,19734277
30-Mar-15,83.81,84.34,82.41,83.20,24527686
27-Mar-15,83.38,83.95,82.88,83.30,18372582
26-Mar-15,82.72,83.77,82.14,83.01,32794800
25-Mar-15,85.50,85.52,82.92,82.92,37436147
24-Mar-15,84.71,86.07,84.52,85.31,32576522
23-Mar-15,83.92,84.96,83.30,84.43,27357333
20-Mar-15,83.39,84.60,83.07,83.80,44466323
19-Mar-15,81.12,83.00,81.00,82.75,42099523
18-Mar-15,79.25,81.24,79.17,80.91,36912446
17-Mar-15,78.36,79.78,78.34,79.36,22169969
16-Mar-15,77.96,78.12,77.36,78.07,19305406
13-Mar-15,78.60,79.38,77.68,78.05,18557296
12-Mar-15,78.10,79.05,77.91,78.93,16093319
11-Mar-15,77.80,78.43,77.26,77.57,20215704
10-Mar-15,78.50,79.26,77.55,77.55,23067057
9-Mar-15,79.68,79.91,78.63,79.44,18925097
6-Mar-15,80.90,81.33,79.83,80.00,24488581
5-Mar-15,81.23,81.99,81.05,81.21,27825733
4-Mar-15,79.30,81.15,78.85,80.90,28126686
3-Mar-15,79.61,79.70,78.52,79.60,18634973
2-Mar-15,79.00,79.86,78.52,79.75,21662537
27-Feb-15,80.68,81.23,78.62,78.97,30739197
26-Feb-15,79.88,81.37,79.72,80.41,31111891
25-Feb-15,78.50,80.20,78.50,79.56,25593800
24-Feb-15,78.50,79.48,78.10,78.45,18897133
23-Feb-15,79.96,80.19,78.38,78.84,24139056
20-Feb-15,79.55,80.34,79.20,79.90,36931698
19-Feb-15,76.99,79.84,76.95,79.42,45851177
18-Feb-15,75.94,76.90,75.45,76.71,22426421
17-Feb-15,75.30,76.91,75.08,75.60,25254400
13-Feb-15,76.46,76.48,75.50,75.74,18621860
12-Feb-15,76.86,76.87,75.89,76.23,17234976
11-Feb-15,75.09,76.75,75.03,76.51,20877427
10-Feb-15,74.85,75.34,74.50,75.19,15811344
9-Feb-15,74.05,74.83,73.45,74.44,16194322
6-Feb-15,75.68,75.70,74.25,74.47,21210994
5-Feb-15,75.71,75.98,75.21,75.62,15062573
4-Feb-15,75.09,76.35,75.01,75.63,20277368
3-Feb-15,75.19,75.58,73.86,75.40,26957714
2-Feb-15,76.11,76.14,73.75,74.99,41955258
30-Jan-15,78.00,78.16,75.75,75.91,42649491
29-Jan-15,76.85,78.02,74.21,78.00,61293468
28-Jan-15,76.90,77.64,76.00,76.24,53306422
27-Jan-15,76.71,76.88,75.63,75.78,20109977
26-Jan-15,77.98,78.47,77.29,77.50,19260820
23-Jan-15,77.65,78.19,77.04,77.83,16746503
22-Jan-15,77.17,77.75,76.68,77.65,19519458
21-Jan-15,76.16,77.30,75.85,76.74,25096737
20-Jan-15,75.72,76.31,74.82,76.24,22821614
16-Jan-15,74.04,75.32,73.84,75.18,21791529
15-Jan-15,76.40,76.57,73.54,74.05,34133974
14-Jan-15,76.42,77.20,76.03,76.28,25918564
13-Jan-15,77.23,78.08,75.85,76.45,25179561
12-Jan-15,77.84,78.00,76.21,76.72,19190194
9-Jan-15,78.20,78.62,77.20,77.74,21157007
8-Jan-15,76.74,78.23,76.08,78.18,23960953
7-Jan-15,76.76,77.36,75.82,76.15,22045333
6-Jan-15,77.23,77.59,75.36,76.15,27399288
5-Jan-15,77.98,79.25,76.86,77.19,26452191
2-Jan-15,78.58,78.93,77.70,78.45,18177475
31-Dec-14,79.54,79.80,77.86,78.02,20040439
30-Dec-14,79.85,80.59,79.10,79.22,14370763
29-Dec-14,80.49,80.96,79.71,80.02,14134666
26-Dec-14,81.02,81.28,80.51,80.78,10647388
24-Dec-14,81.03,81.43,80.75,80.77,7685481
23-Dec-14,82.02,82.17,80.40,80.61,19865820
22-Dec-14,80.08,81.89,80.00,81.45,31395770
19-Dec-14,78.75,80.00,78.33,79.88,43334992
18-Dec-14,76.89,78.40,76.51,78.40,34222081
17-Dec-14,75.01,76.41,74.90,76.11,29203904
16-Dec-14,76.19,77.39,74.59,74.69,31554593
15-Dec-14,78.46,78.58,76.56,76.99,29396532
12-Dec-14,77.16,78.88,77.02,77.83,28091617
11-Dec-14,76.52,78.52,76.48,77.73,33492661
10-Dec-14,76.65,77.55,76.07,76.18,32210532
9-Dec-14,75.20,76.93,74.78,76.84,25358584
8-Dec-14,76.18,77.25,75.40,76.52,25733853
5-Dec-14,75.80,76.76,75.36,76.36,24306446
4-Dec-14,74.83,75.55,74.66,75.24,14390520
3-Dec-14,75.38,75.73,74.40,74.88,16689857
2-Dec-14,75.33,75.91,75.04,75.46,16773884
1-Dec-14,77.26,77.31,74.80,75.10,31789866
28-Nov-14,77.67,78.27,77.23,77.70,15992035
26-Nov-14,75.53,77.78,75.51,77.62,32721585
25-Nov-14,74.21,75.74,74.13,75.63,32250205
24-Nov-14,73.54,74.35,73.35,74.01,22103831
21-Nov-14,74.50,74.50,73.50,73.75,23060382
20-Nov-14,72.80,73.99,72.51,73.60,19154862
19-Nov-14,74.01,74.54,73.11,73.33,25441163
18-Nov-14,74.45,74.80,73.90,74.34,20696643
17-Nov-14,74.88,75.66,73.88,74.24,28701191
14-Nov-14,74.27,74.93,74.04,74.88,19476878
13-Nov-14,74.74,75.24,73.64,74.25,26448451
12-Nov-14,74.28,75.14,73.54,74.72,26536609
11-Nov-14,74.95,74.98,74.03,74.61,18735123
10-Nov-14,75.36,75.48,74.61,75.00,21575126
7-Nov-14,75.39,75.86,75.02,75.60,20774381
6-Nov-14,74.89,75.60,74.31,75.26,21383194
5-Nov-14,76.51,76.80,74.42,74.83,35912588
4-Nov-14,74.23,75.77,73.65,75.76,39326471
3-Nov-14,75.47,75.52,73.70,73.88,40727330
31-Oct-14,74.93,75.70,74.45,74.99,44544325
30-Oct-14,75.05,75.35,72.90,74.11,83269554
29-Oct-14,75.45,76.88,74.78,75.86,106119520
28-Oct-14,80.18,81.16,79.57,80.77,74211768
27-Oct-14,80.74,80.80,79.76,80.28,30168921
24-Oct-14,80.20,80.82,79.32,80.67,32247520
23-Oct-14,79.38,80.63,79.01,80.04,35055800
22-Oct-14,78.82,79.85,78.01,78.37,41862393
21-Oct-14,77.56,78.74,77.15,78.69,32252403
20-Oct-14,75.60,77.09,75.38,76.95,34701260
17-Oct-14,74.23,76.00,73.75,75.95,76341638
16-Oct-14,70.79,73.35,70.58,72.63,53529459
15-Oct-14,71.69,73.80,70.32,73.21,61528317
14-Oct-14,74.00,74.18,72.05,73.59,50299288
13-Oct-14,73.23,74.78,72.52,72.99,43937638
10-Oct-14,75.59,76.50,72.76,72.91,52146162
9-Oct-14,77.28,77.76,75.85,75.91,32487174
8-Oct-14,76.18,77.71,75.10,77.52,32975514
7-Oct-14,77.05,77.95,76.24,76.29,25317488
6-Oct-14,77.19,77.89,76.85,77.56,25729191
3-Oct-14,77.76,78.06,77.26,77.44,23340173
2-Oct-14,76.57,77.48,75.64,77.08,36487612
1-Oct-14,78.78,78.82,75.90,76.55,55090157
30-Sep-14,79.35,79.71,78.60,79.04,35899444
29-Sep-14,78.12,79.20,77.91,79.00,34030635
26-Sep-14,77.59,78.84,77.33,78.79,28872012
25-Sep-14,78.60,78.94,77.13,77.22,37532580
24-Sep-14,78.10,78.62,77.51,78.54,30679642
23-Sep-14,76.33,78.63,76.04,78.29,36814111
22-Sep-14,77.00,77.53,75.95,76.80,31961015
19-Sep-14,77.40,78.30,76.44,77.91,76671330
18-Sep-14,76.77,77.33,76.52,77.00,23030936
17-Sep-14,75.96,77.25,75.57,76.43,28693348
16-Sep-14,73.52,76.23,73.07,76.08,37742482
15-Sep-14,77.15,77.25,73.43,74.58,49679130
12-Sep-14,78.02,78.30,77.10,77.48,26744356
11-Sep-14,77.13,78.36,77.05,77.92,32247724
10-Sep-14,76.52,77.95,76.51,77.43,29908606
9-Sep-14,77.59,78.17,76.20,76.67,28881803
8-Sep-14,77.26,78.17,77.01,77.89,28183156
5-Sep-14,76.10,77.38,75.60,77.26,29475854
4-Sep-14,75.89,76.93,75.53,75.95,26676444
3-Sep-14,77.14,77.48,75.60,75.83,32389102
2-Sep-14,75.01,76.70,74.82,76.68,34979438
29-Aug-14,74.30,74.82,74.01,74.82,26241162
28-Aug-14,74.00,74.43,73.73,73.86,21946738
27-Aug-14,75.27,75.49,74.46,74.63,36323060
26-Aug-14,75.00,75.99,74.73,75.96,23992668
25-Aug-14,74.94,75.28,74.79,75.02,19734103
22-Aug-14,74.34,74.73,73.57,74.57,20897393
21-Aug-14,74.92,75.19,74.41,74.57,20101979
20-Aug-14,74.97,75.18,74.62,74.81,22916678
19-Aug-14,74.81,75.58,74.77,75.29,26678640
18-Aug-14,74.00,74.72,73.96,74.59,23973658
15-Aug-14,74.32,74.65,73.00,73.63,38909161
14-Aug-14,73.97,74.38,73.69,74.30,22207019
13-Aug-14,73.12,74.25,73.05,73.77,29265662
12-Aug-14,73.09,73.33,72.22,72.83,27418983
11-Aug-14,73.46,73.91,73.06,73.44,24591177
8-Aug-14,73.40,73.43,72.56,73.06,27202325
7-Aug-14,73.00,74.00,72.70,73.17,38140550
6-Aug-14,72.02,73.72,71.79,72.47,30985533
5-Aug-14,73.51,73.59,72.18,72.69,34986147
4-Aug-14,72.36,73.88,72.36,73.51,30776819
1-Aug-14,72.22,73.22,71.55,72.36,43535314
31-Jul-14,74.00,74.16,72.44,72.65,43991772
30-Jul-14,74.21,75.19,74.13,74.68,36853018
29-Jul-14,74.72,74.92,73.42,73.71,41324470
28-Jul-14,75.17,75.50,73.85,74.92,41725249
25-Jul-14,74.99,75.67,74.66,75.19,45917435
24-Jul-14,75.96,76.74,74.51,74.98,124167936
23-Jul-14,69.74,71.33,69.61,71.29,78434716
22-Jul-14,69.76,69.77,68.61,69.27,40397693
21-Jul-14,68.81,69.96,68.50,69.40,49539121
18-Jul-14,66.80,68.46,66.16,68.42,42455649
17-Jul-14,67.03,67.85,66.04,66.41,38188432
16-Jul-14,67.54,67.94,67.07,67.66,29593589
15-Jul-14,67.96,68.09,66.26,67.16,44292944
14-Jul-14,67.13,68.17,66.90,67.90,38536924
11-Jul-14,65.28,66.59,64.79,66.34,39212022
10-Jul-14,63.31,65.34,63.05,64.87,44421915
9-Jul-14,63.41,65.12,63.15,64.97,51431582
8-Jul-14,65.06,65.56,62.21,62.76,68926036
7-Jul-14,66.30,66.57,65.12,65.29,28745099
3-Jul-14,66.86,67.00,65.76,66.29,25203215
2-Jul-14,68.04,68.30,65.79,66.45,41895220
1-Jul-14,67.58,68.44,67.39,68.06,33243166
30-Jun-14,67.46,67.92,67.13,67.29,27201749
27-Jun-14,67.31,67.70,66.84,67.60,46460627
26-Jun-14,68.00,68.00,66.90,67.13,47713944
25-Jun-14,65.58,67.48,65.57,67.44,44308249
24-Jun-14,65.36,67.17,65.27,65.72,57334867
23-Jun-14,64.32,65.66,64.22,65.37,34560121
20-Jun-14,64.46,64.81,63.35,64.50,46466073
19-Jun-14,65.46,65.58,64.21,64.34,34245182
18-Jun-14,64.49,65.75,64.05,65.60,35570154
17-Jun-14,64.10,64.88,63.93,64.40,27714816
16-Jun-14,64.16,64.88,63.75,64.19,31045811
13-Jun-14,64.70,64.97,63.83,64.50,29418910
12-Jun-14,65.85,66.47,64.06,64.29,55729828
11-Jun-14,65.32,65.80,64.90,65.78,44241926
10-Jun-14,63.53,65.82,63.50,65.77,69338140
9-Jun-14,62.40,63.34,61.79,62.88,37617413
6-Jun-14,63.37,63.48,62.15,62.50,42442096
5-Jun-14,63.66,64.36,62.82,63.19,47352368
4-Jun-14,62.45,63.59,62.07,63.34,36513991
3-Jun-14,62.62,63.42,62.32,62.87,32216707
2-Jun-14,63.23,63.59,62.05,63.08,35995537
30-May-14,63.95,64.17,62.56,63.30,45283577
29-May-14,63.84,64.30,63.51,63.83,42699670
28-May-14,63.39,64.14,62.62,63.51,47795088
27-May-14,61.62,63.51,61.57,63.48,55681663
23-May-14,60.41,61.45,60.15,61.35,38293993
22-May-14,60.94,61.48,60.40,60.52,54200116
21-May-14,58.56,60.50,58.25,60.49,58991505
20-May-14,59.50,60.19,58.18,58.56,53931469
19-May-14,57.89,59.56,57.57,59.21,43033925
16-May-14,58.31,58.45,57.31,58.02,47933075
15-May-14,59.26,59.38,57.52,57.92,56813940
14-May-14,59.53,60.45,58.95,59.23,47428583
13-May-14,59.66,60.89,59.51,59.83,48525476
12-May-14,57.98,59.90,57.98,59.83,48575487
9-May-14,56.85,57.65,56.38,57.24,52583858
8-May-14,57.23,58.82,56.50,56.76,61251053
7-May-14,58.77,59.30,56.26,57.39,78587247
6-May-14,60.98,61.15,58.49,58.53,55900809
5-May-14,59.67,61.35,59.18,61.22,46057411
2-May-14,61.30,61.89,60.18,60.46,54189197
1-May-14,60.43,62.28,60.21,61.15,82428606
30-Apr-14,57.58,59.85,57.16,59.78,76093004
29-Apr-14,56.09,58.28,55.84,58.15,75557202
28-Apr-14,58.05,58.31,54.66,56.14,107757756
25-Apr-14,59.97,60.01,57.57,57.71,92501529
24-Apr-14,63.60,63.65,59.77,60.87,138769345
23-Apr-14,63.45,63.48,61.26,61.36,96564750
22-Apr-14,62.65,63.44,62.22,63.03,60631312
21-Apr-14,59.46,61.24,59.15,61.24,60363619
17-Apr-14,59.30,60.58,58.72,58.94,88040346
16-Apr-14,59.79,60.19,57.74,59.72,78773521
15-Apr-14,59.29,59.68,55.88,59.09,108622706
14-Apr-14,60.09,60.45,57.78,58.89,72324603
11-Apr-14,57.60,60.31,57.31,58.53,91451960
10-Apr-14,63.08,63.18,58.68,59.16,114987616
9-Apr-14,59.63,62.46,59.19,62.41,100215307
8-Apr-14,57.68,58.71,57.17,58.19,78835935
7-Apr-14,55.90,58.00,55.44,56.95,108487569
4-Apr-14,59.94,60.20,56.32,56.75,125465774
3-Apr-14,62.55,63.17,59.13,59.49,83859330
2-Apr-14,63.21,63.91,62.21,62.72,66276613
1-Apr-14,60.46,62.66,60.24,62.62,59291210
31-Mar-14,60.78,61.52,59.87,60.24,53011205
28-Mar-14,61.34,61.95,59.34,60.01,67051528
27-Mar-14,60.51,61.90,57.98,60.97,112649694
26-Mar-14,64.74,64.95,60.37,60.38,97689774
25-Mar-14,64.89,66.19,63.78,64.89,68785500
24-Mar-14,67.19,67.36,63.36,64.10,85695872
21-Mar-14,67.53,67.92,66.18,67.24,60041228
20-Mar-14,68.01,68.23,66.82,66.97,44438500
19-Mar-14,69.17,69.29,67.46,68.24,43980558
18-Mar-14,68.76,69.60,68.30,69.19,40827226
17-Mar-14,68.18,68.95,66.62,68.74,52196699
14-Mar-14,68.49,69.43,67.46,67.72,48226824
13-Mar-14,71.29,71.35,68.15,68.83,57091157
12-Mar-14,69.86,71.35,69.00,70.88,46400431
11-Mar-14,72.50,72.59,69.96,70.10,59615238
10-Mar-14,70.77,72.15,70.51,72.03,59949746
7-Mar-14,71.08,71.18,69.47,69.80,38985763
6-Mar-14,71.88,71.89,70.25,70.84,46126260
5-Mar-14,69.69,71.97,69.62,71.57,74649486
4-Mar-14,68.66,68.90,67.62,68.80,42164222
3-Mar-14,66.96,68.05,66.51,67.41,56900444
28-Feb-14,69.47,69.88,67.38,68.46,66900863
27-Feb-14,69.34,70.01,68.87,68.94,41695855
26-Feb-14,70.19,71.22,68.85,69.26,55400399
25-Feb-14,70.95,71.00,69.45,69.85,52189031
24-Feb-14,68.74,71.44,68.54,70.78,76951946
21-Feb-14,69.69,69.96,68.45,68.59,70991892
20-Feb-14,67.73,70.11,65.73,69.63,131043748
19-Feb-14,67.05,69.08,67.00,68.06,64258631
18-Feb-14,66.94,67.54,66.07,67.30,43862297
14-Feb-14,67.50,67.58,66.72,67.09,36786427
13-Feb-14,64.18,67.33,64.05,67.33,62013396
12-Feb-14,64.92,65.06,64.05,64.45,47409857
11-Feb-14,63.75,65.00,63.35,64.85,45746832
10-Feb-14,64.30,64.49,63.47,63.55,43736562
7-Feb-14,62.27,64.57,62.22,64.32,60835746
6-Feb-14,61.46,62.78,61.46,62.16,42153754
5-Feb-14,62.74,63.16,61.27,62.19,53032420
4-Feb-14,62.05,63.14,61.82,62.75,46064897
3-Feb-14,63.03,63.77,60.70,61.48,75105994
31-Jan-14,60.47,63.37,60.17,62.57,87930298
30-Jan-14,62.12,62.50,60.46,61.08,150438699
29-Jan-14,54.61,54.95,53.19,53.53,98089932
28-Jan-14,54.02,55.28,54.00,55.14,48364998
27-Jan-14,54.73,54.94,51.85,53.55,74142331
24-Jan-14,56.15,56.42,54.40,54.45,55545338
23-Jan-14,56.37,56.68,55.69,56.63,47996403
22-Jan-14,58.85,59.31,57.10,57.51,61495880
21-Jan-14,56.60,58.58,56.50,58.51,48734147
17-Jan-14,57.30,57.82,56.07,56.30,40883205
16-Jan-14,57.26,58.02,56.83,57.19,34599775
15-Jan-14,57.98,58.57,57.27,57.60,33730619
14-Jan-14,56.46,57.78,56.10,57.74,37590987
13-Jan-14,57.91,58.25,55.38,55.91,63106519
10-Jan-14,57.13,58.30,57.06,57.94,42529258
9-Jan-14,58.65,58.96,56.65,57.22,92349222
8-Jan-14,57.60,58.41,57.23,58.23,56800776
7-Jan-14,57.70,58.55,57.22,57.92,77329009
6-Jan-14,54.42,57.26,54.05,57.20,68974359
3-Jan-14,55.02,55.65,54.53,54.56,38287706
2-Jan-14,54.83,55.22,54.19,54.71,43257622
31-Dec-13,54.12,54.86,53.91,54.65,43152127
30-Dec-13,54.93,55.18,53.43,53.71,68307317
27-Dec-13,57.48,57.68,55.25,55.44,60465751
26-Dec-13,58.32,58.38,57.37,57.73,55101367
24-Dec-13,58.27,58.58,56.91,57.96,46617754
23-Dec-13,55.50,58.32,55.45,57.77,98296983
20-Dec-13,54.91,55.15,54.23,55.12,239823912
19-Dec-13,54.34,55.19,53.95,55.05,89825393
18-Dec-13,55.57,55.89,53.75,55.57,76003479
17-Dec-13,54.75,55.18,54.24,54.86,78751463
16-Dec-13,53.27,54.50,52.91,53.81,85118518
13-Dec-13,51.61,53.50,51.34,53.32,82640992
12-Dec-13,51.03,52.07,50.66,51.83,92723034
11-Dec-13,50.56,50.77,49.01,49.38,65776366
10-Dec-13,48.62,50.77,48.54,50.24,68478561
9-Dec-13,48.06,48.97,47.74,48.84,36055891
6-Dec-13,48.98,49.39,47.71,47.94,42937659
5-Dec-13,48.15,48.70,47.87,48.34,43855036
4-Dec-13,46.46,48.77,46.26,48.62,60890176
3-Dec-13,46.75,47.20,46.29,46.73,32085905
2-Dec-13,46.90,47.54,46.26,47.06,50773647
29-Nov-13,46.75,47.21,46.50,47.01,22953916
27-Nov-13,45.97,46.67,45.53,46.49,44993195
26-Nov-13,44.66,46.17,43.55,45.89,82016490
25-Nov-13,46.36,46.65,44.04,44.82,82565324
22-Nov-13,47.04,47.27,45.96,46.23,40545375
21-Nov-13,46.99,47.46,46.68,46.70,34886170
20-Nov-13,46.61,47.55,46.31,46.43,53932698
19-Nov-13,46.26,47.00,45.72,46.36,75602413
18-Nov-13,48.47,48.84,45.80,45.83,85909884
15-Nov-13,49.11,49.48,48.71,49.01,42452937
14-Nov-13,48.70,49.57,48.03,48.99,75117049
13-Nov-13,46.23,48.74,46.06,48.71,79245346
12-Nov-13,46.00,47.37,45.83,46.60,68195832
11-Nov-13,47.04,47.53,45.73,46.20,80909626
8-Nov-13,47.81,48.65,47.25,47.53,70731178
7-Nov-13,49.24,49.87,47.30,47.56,97127618
6-Nov-13,50.26,50.45,48.71,49.12,67889337
5-Nov-13,47.79,50.18,47.51,50.10,76835006
4-Nov-13,49.36,49.75,48.02,48.22,80371218
1-Nov-13,50.85,52.09,49.72,49.75,95032876
31-Oct-13,47.16,52.00,46.50,50.20,248809006
30-Oct-13,50.00,50.21,48.75,49.01,127072652
29-Oct-13,50.73,50.79,49.25,49.40,102143469
28-Oct-13,51.54,51.70,49.61,50.23,73472347
25-Oct-13,53.18,53.24,51.88,51.95,45085348
24-Oct-13,52.38,52.84,51.59,52.44,46775185
23-Oct-13,51.75,52.25,51.13,51.90,57207154
22-Oct-13,54.33,54.76,52.20,52.68,83203892
21-Oct-13,54.68,54.81,53.51,53.85,58235283
18-Oct-13,54.18,54.82,53.60,54.22,88260093
17-Oct-13,51.12,52.22,50.95,52.21,71521899
16-Oct-13,50.04,51.24,49.90,51.14,64678247
15-Oct-13,49.99,51.00,49.18,49.50,81166571
14-Oct-13,48.31,49.63,47.91,49.51,68780552
11-Oct-13,49.18,49.87,48.79,49.11,58428451
10-Oct-13,47.86,49.68,47.83,49.05,99773784
9-Oct-13,47.38,47.84,45.26,46.77,147296862
8-Oct-13,50.60,50.60,47.08,47.14,136081330
7-Oct-13,50.73,51.29,50.40,50.52,57203957
4-Oct-13,49.77,51.16,49.57,51.04,74446947
3-Oct-13,50.47,50.72,49.06,49.18,82045323
2-Oct-13,50.13,51.10,49.95,50.28,62834429
1-Oct-13,49.97,51.03,49.45,50.42,98113699
30-Sep-13,50.14,51.60,49.80,50.23,100095417
27-Sep-13,50.29,51.28,49.86,51.24,81410460
26-Sep-13,50.01,50.60,49.50,50.39,98220046
25-Sep-13,49.23,49.54,48.46,49.46,87879619
24-Sep-13,48.50,49.66,48.16,48.45,136716101
23-Sep-13,47.28,47.55,46.29,47.19,75319202
20-Sep-13,46.32,47.60,45.74,47.49,115508400
19-Sep-13,45.51,46.05,45.23,45.98,63972369
18-Sep-13,44.84,45.47,44.40,45.23,79316945
17-Sep-13,42.50,45.44,42.43,45.07,91934557
16-Sep-13,44.85,44.94,42.43,42.51,70807761
13-Sep-13,45.04,45.08,43.93,44.31,52765299
12-Sep-13,45.53,45.62,44.65,44.75,68072239
11-Sep-13,43.39,45.09,43.11,45.04,71676653
10-Sep-13,44.24,44.26,43.23,43.60,54540282
9-Sep-13,44.36,44.79,43.70,44.04,75794696
6-Sep-13,43.09,44.61,42.40,43.95,117535626
5-Sep-13,41.79,42.76,41.77,42.66,50035380
4-Sep-13,42.01,42.17,41.44,41.78,42581854
3-Sep-13,41.84,42.16,41.51,41.87,48774896
30-Aug-13,42.02,42.26,41.06,41.29,67735053
29-Aug-13,40.89,41.78,40.80,41.28,58303395
28-Aug-13,39.96,40.85,39.88,40.55,57918194
27-Aug-13,40.68,41.20,39.42,39.64,72695050
26-Aug-13,40.90,41.94,40.62,41.34,94162358
23-Aug-13,39.00,40.63,38.93,40.55,86442283
22-Aug-13,38.37,38.75,38.34,38.55,21931163
21-Aug-13,38.38,38.85,38.14,38.32,46116868
20-Aug-13,38.35,38.58,37.69,38.41,57995140
19-Aug-13,37.43,38.28,37.14,37.81,57609591
16-Aug-13,36.97,37.49,36.90,37.08,45840714
15-Aug-13,36.36,37.07,36.02,36.56,56521095
14-Aug-13,36.83,37.55,36.62,36.65,48423890
13-Aug-13,38.24,38.32,36.77,37.02,65379198
12-Aug-13,38.20,38.50,38.10,38.22,31160951
9-Aug-13,38.59,38.74,38.01,38.50,43620024
8-Aug-13,39.13,39.19,38.43,38.54,41300906
7-Aug-13,38.61,38.94,37.70,38.87,68854764
6-Aug-13,39.11,39.25,37.94,38.55,63950791
5-Aug-13,38.43,39.32,38.25,39.19,79994774
2-Aug-13,37.66,38.49,37.50,38.05,73058424
1-Aug-13,37.30,38.29,36.92,37.49,106066472
31-Jul-13,37.96,38.31,36.33,36.80,154828679
30-Jul-13,35.65,37.96,35.32,37.63,173582710
29-Jul-13,34.07,35.63,34.01,35.43,124884870
26-Jul-13,33.77,34.73,33.56,34.01,136028897
25-Jul-13,33.54,34.88,32.75,34.36,365935212
24-Jul-13,26.32,26.53,26.05,26.51,82635587
23-Jul-13,26.10,26.30,25.97,26.13,28221534
22-Jul-13,25.99,26.13,25.72,26.04,27526213
19-Jul-13,25.82,26.11,25.60,25.88,46544938
18-Jul-13,26.75,26.77,26.12,26.18,24806825
17-Jul-13,26.37,26.78,26.30,26.65,21518463
16-Jul-13,26.39,26.75,26.01,26.32,30817554
15-Jul-13,25.93,26.43,25.65,26.28,24233957
12-Jul-13,25.74,25.93,25.55,25.91,16537840
11-Jul-13,25.96,26.00,25.45,25.81,26777354
10-Jul-13,25.58,25.83,25.47,25.80,26721794
9-Jul-13,25.07,25.49,25.03,25.48,30387889
8-Jul-13,24.47,25.04,24.42,24.71,27073983
5-Jul-13,24.65,24.66,24.20,24.37,20229451
3-Jul-13,24.22,24.71,24.15,24.52,10404332
2-Jul-13,24.70,24.77,24.30,24.41,18394008
1-Jul-13,24.97,25.06,24.62,24.81,20582195
28-Jun-13,24.68,24.98,24.42,24.88,96778879
27-Jun-13,24.24,24.84,24.21,24.66,34694013
26-Jun-13,24.51,24.65,23.99,24.16,29890205
25-Jun-13,24.14,24.43,24.04,24.25,24719988
24-Jun-13,23.95,24.11,23.38,23.94,40625948
21-Jun-13,24.59,24.70,24.05,24.53,45826173
20-Jun-13,24.28,24.74,23.65,23.90,42765586
19-Jun-13,24.20,25.19,24.10,24.31,31790525
18-Jun-13,24.09,24.69,24.08,24.21,36709004
17-Jun-13,23.91,24.25,23.75,24.02,33664419
14-Jun-13,23.56,23.89,23.26,23.63,30561387
13-Jun-13,23.72,23.83,23.26,23.73,31189247
12-Jun-13,24.16,24.26,23.58,23.77,26445790
11-Jun-13,24.03,24.35,24.00,24.03,29676383
10-Jun-13,24.06,24.60,23.99,24.33,58392986
7-Jun-13,23.03,23.40,22.86,23.29,38699124
6-Jun-13,22.99,23.09,22.67,22.97,31260660
5-Jun-13,23.35,23.70,22.79,22.90,53819645
4-Jun-13,23.89,23.93,23.32,23.52,34808997
3-Jun-13,24.26,24.32,23.71,23.85,35733795
31-May-13,24.63,24.95,24.27,24.35,35924917
30-May-13,24.13,24.78,23.93,24.55,60733122
29-May-13,23.79,23.81,23.26,23.32,64237702
28-May-13,24.54,24.54,23.92,24.10,50079642
24-May-13,24.97,24.97,24.08,24.31,58727882
23-May-13,24.80,25.53,24.77,25.06,37697202
22-May-13,25.65,25.85,24.92,25.16,45314475
21-May-13,25.87,26.08,25.59,25.66,26261210
20-May-13,26.18,26.19,25.69,25.76,42402874
17-May-13,26.40,26.60,26.20,26.25,29462605
16-May-13,26.48,26.55,25.90,26.13,35506976
15-May-13,26.92,26.99,26.40,26.60,30299761
14-May-13,26.89,27.28,26.82,27.07,24930207
13-May-13,26.60,27.32,26.53,26.82,29068764
10-May-13,27.14,27.30,26.57,26.68,30847022
9-May-13,27.08,27.55,26.85,27.04,33457150
8-May-13,26.88,27.30,26.65,27.12,34654851
7-May-13,27.55,27.85,26.85,26.89,41259083
6-May-13,28.33,28.46,27.48,27.57,43939307
3-May-13,29.04,29.07,28.15,28.31,58506376
2-May-13,28.01,29.02,27.98,28.97,104256921
1-May-13,27.85,27.92,27.31,27.43,64567590
30-Apr-13,27.13,27.85,27.00,27.77,36245633
29-Apr-13,27.16,27.41,26.86,26.98,29201070
26-Apr-13,26.60,27.62,26.60,26.85,33017958
25-Apr-13,26.07,26.40,26.00,26.14,17149965
24-Apr-13,25.93,26.40,25.80,26.11,19729809
23-Apr-13,26.22,26.33,25.77,25.98,25191467
22-Apr-13,25.81,26.36,25.70,25.97,25687549
19-Apr-13,25.62,25.96,25.33,25.73,20380862
18-Apr-13,26.82,26.82,25.15,25.69,39058905
17-Apr-13,26.65,27.20,26.39,26.62,26440537
16-Apr-13,26.81,27.11,26.40,26.92,27396392
15-Apr-13,27.16,27.48,26.36,26.52,30275356
12-Apr-13,28.00,28.00,27.24,27.40,28697400
11-Apr-13,27.48,28.10,27.25,28.02,33368462
10-Apr-13,27.01,27.84,26.90,27.57,45949361
9-Apr-13,26.58,26.89,26.42,26.59,21311013
8-Apr-13,27.19,27.20,26.63,26.85,27255982
5-Apr-13,26.86,27.80,26.61,27.39,64566510
4-Apr-13,26.62,27.23,26.11,27.07,82016745
3-Apr-13,25.83,26.39,25.70,26.25,48195118
2-Apr-13,25.77,26.12,25.30,25.42,35153292
1-Apr-13,25.63,25.89,25.28,25.53,22249212
28-Mar-13,26.09,26.17,25.52,25.58,28585612
27-Mar-13,25.00,26.28,24.72,26.09,52297328
26-Mar-13,25.08,25.48,25.03,25.20,26957135
25-Mar-13,25.75,25.80,25.08,25.13,39198947
22-Mar-13,25.80,26.01,25.63,25.73,18456268
21-Mar-13,25.66,26.11,25.56,25.74,24336012
20-Mar-13,26.68,26.69,25.78,25.86,44006434
19-Mar-13,26.53,26.90,26.21,26.55,25254152
18-Mar-13,26.37,26.79,25.78,26.49,26653641
15-Mar-13,27.03,27.06,26.56,26.64,31597364
14-Mar-13,27.10,27.43,26.83,27.04,27646381
13-Mar-13,27.62,27.65,26.92,27.08,39619443
12-Mar-13,28.10,28.32,27.60,27.83,27569590
11-Mar-13,28.01,28.64,27.83,28.14,35642057
8-Mar-13,28.42,28.47,27.73,27.96,44198838
7-Mar-13,27.57,28.68,27.47,28.58,74540116
6-Mar-13,28.10,28.13,27.35,27.45,33532526
5-Mar-13,27.88,28.18,27.21,27.52,40622189
4-Mar-13,27.76,28.06,27.44,27.72,32400645
1-Mar-13,27.05,28.12,26.81,27.78,54064731
28-Feb-13,26.84,27.30,26.34,27.25,83027721
27-Feb-13,27.34,27.34,26.63,26.87,44319628
26-Feb-13,27.36,27.46,26.70,27.39,31611642
25-Feb-13,27.16,27.64,27.15,27.27,34651983
22-Feb-13,27.62,27.63,26.82,27.13,36350149
21-Feb-13,28.28,28.55,27.15,27.28,49647671
20-Feb-13,28.92,29.05,28.33,28.46,42098118
19-Feb-13,28.23,29.08,28.12,28.93,49411547
15-Feb-13,28.52,28.75,28.09,28.32,33109105
14-Feb-13,28.02,28.63,28.01,28.50,35618411
13-Feb-13,27.36,28.32,27.31,27.91,50163959
12-Feb-13,27.67,28.16,27.10,27.37,93495635
11-Feb-13,28.61,28.68,28.04,28.26,37361742
8-Feb-13,28.89,29.17,28.51,28.54,37708729
7-Feb-13,29.11,29.15,28.27,28.65,34540014
6-Feb-13,28.74,29.29,28.66,29.05,38375742
5-Feb-13,28.26,28.96,28.04,28.64,47948191
4-Feb-13,29.06,29.20,28.01,28.11,92362184
1-Feb-13,31.01,31.02,29.63,29.73,85856666
31-Jan-13,29.15,31.47,28.74,30.98,190743612
30-Jan-13,30.98,31.49,30.88,31.24,87682080
29-Jan-13,32.00,32.07,30.71,30.79,72976496
28-Jan-13,31.88,32.51,31.81,32.47,59681410
25-Jan-13,31.41,31.93,31.13,31.54,54363551
24-Jan-13,31.27,31.49,30.81,31.08,43845049
23-Jan-13,31.10,31.50,30.80,30.82,48899741
22-Jan-13,29.75,30.89,29.74,30.73,55243212
18-Jan-13,30.31,30.44,29.27,29.66,49631496
17-Jan-13,30.08,30.42,30.03,30.14,40256606
16-Jan-13,30.21,30.35,29.53,29.85,75332648
15-Jan-13,30.64,31.71,29.88,30.10,173242356
14-Jan-13,32.08,32.21,30.62,30.95,98886858
11-Jan-13,31.28,31.96,31.10,31.72,89597985
10-Jan-13,30.60,31.45,30.28,31.30,95316372
9-Jan-13,29.67,30.60,29.49,30.59,104787653
8-Jan-13,29.51,29.60,28.86,29.06,45870933
7-Jan-13,28.69,29.79,28.65,29.42,83781725
4-Jan-13,28.01,28.93,27.83,28.76,72715349
3-Jan-13,27.88,28.47,27.59,27.77,63140530
2-Jan-13,27.44,28.18,27.42,28.00,69844980
31-Dec-12,26.20,26.99,26.11,26.62,60374424
28-Dec-12,25.48,26.11,25.15,25.91,56574797
27-Dec-12,26.55,26.80,25.52,26.05,43481682
26-Dec-12,27.03,27.18,26.38,26.51,33175320
24-Dec-12,26.50,26.96,26.20,26.93,28230035
21-Dec-12,26.66,27.01,26.12,26.26,54555183
20-Dec-12,27.49,27.60,27.13,27.36,35574784
19-Dec-12,27.83,28.22,26.95,27.41,61390122
18-Dec-12,26.96,27.91,26.90,27.71,60512872
17-Dec-12,26.77,27.00,26.32,26.75,57742403
14-Dec-12,28.18,28.33,26.76,26.81,91631545
13-Dec-12,27.59,28.75,27.43,28.24,81051549
12-Dec-12,28.00,28.14,27.37,27.58,46704201
11-Dec-12,28.07,28.24,27.66,27.98,77099033
10-Dec-12,27.17,28.17,27.10,27.84,50608466
7-Dec-12,27.07,27.78,26.84,27.48,51751806
6-Dec-12,27.68,27.75,26.82,26.97,46001493
5-Dec-12,27.75,27.90,27.26,27.71,58974841
4-Dec-12,27.06,27.76,26.68,27.46,72912724
3-Dec-12,28.00,28.88,26.98,27.04,123525093
30-Nov-12,27.26,28.00,26.76,28.00,127049545
29-Nov-12,26.50,27.52,26.16,27.32,88759067
28-Nov-12,25.94,26.49,25.75,26.36,49205508
27-Nov-12,26.04,26.50,25.46,26.15,85760074
26-Nov-12,24.94,26.09,24.81,25.94,123862051
23-Nov-12,24.58,24.68,23.88,24.00,29520311
21-Nov-12,23.22,24.53,23.05,24.32,89862342
20-Nov-12,22.73,23.90,22.70,23.10,46655291
19-Nov-12,23.96,24.12,22.82,22.92,85021259
16-Nov-12,22.25,23.93,22.18,23.56,107182168
15-Nov-12,22.34,22.50,21.65,22.17,78857405
14-Nov-12,20.10,22.50,19.93,22.36,229750911
13-Nov-12,19.60,20.11,19.56,19.86,71775069
12-Nov-12,19.15,20.17,18.87,20.07,67349109
9-Nov-12,19.96,20.00,19.13,19.21,42295434
8-Nov-12,20.52,20.73,19.98,19.99,34254535
7-Nov-12,20.85,20.95,20.37,20.47,33396731
6-Nov-12,21.24,21.37,20.99,21.17,29062642
5-Nov-12,21.10,21.48,20.92,21.25,31806692
2-Nov-12,21.26,21.69,21.07,21.18,38344332
1-Nov-12,21.08,21.44,21.01,21.21,37713887
31-Oct-12,20.82,21.50,20.73,21.11,99378184
26-Oct-12,22.40,22.88,21.88,21.94,73259521
25-Oct-12,23.29,23.31,22.47,22.56,76141922
24-Oct-12,24.13,24.25,22.85,23.23,228949142
23-Oct-12,19.25,19.80,19.10,19.50,78381102
22-Oct-12,19.20,19.43,19.05,19.32,32447005
19-Oct-12,19.00,19.06,18.80,19.00,34834947
18-Oct-12,19.70,19.79,18.89,18.98,52157366
17-Oct-12,19.50,20.48,19.37,19.88,44074433
16-Oct-12,19.68,19.69,19.30,19.48,21834687
15-Oct-12,19.68,19.88,19.49,19.52,20189668
12-Oct-12,19.75,19.80,19.48,19.52,18809397
11-Oct-12,19.88,19.96,19.61,19.75,21817227
10-Oct-12,19.93,19.94,19.45,19.64,39321758
9-Oct-12,20.39,20.55,19.97,20.23,27161736
8-Oct-12,20.62,20.75,20.16,20.40,32236628
5-Oct-12,21.49,21.63,20.88,20.91,40529223
4-Oct-12,22.32,22.40,21.41,21.95,46894595
3-Oct-12,22.30,22.49,21.80,21.83,32000079
2-Oct-12,22.08,22.49,21.82,22.27,29341393
1-Oct-12,22.08,22.59,21.73,21.99,51262680
28-Sep-12,20.57,21.95,20.50,21.66,65485921
27-Sep-12,20.99,21.00,20.16,20.32,30215821
26-Sep-12,20.14,20.78,19.80,20.62,38271878
25-Sep-12,21.20,21.21,20.22,20.28,46291655
24-Sep-12,21.77,21.98,20.36,20.79,79105121
21-Sep-12,22.97,23.24,22.60,22.86,51218097
20-Sep-12,23.02,23.24,22.54,22.59,57248663
19-Sep-12,21.99,23.37,21.77,23.29,78782783
18-Sep-12,21.60,21.98,21.37,21.87,36760449
17-Sep-12,22.67,22.75,21.50,21.52,50666447
14-Sep-12,21.13,22.08,20.90,22.00,72819643
13-Sep-12,20.96,21.48,20.61,20.71,65041524
12-Sep-12,20.76,21.16,20.28,20.93,121583996
11-Sep-12,18.92,19.58,18.85,19.43,50508126
10-Sep-12,19.06,19.20,18.55,18.81,24797642
7-Sep-12,19.10,19.42,18.78,18.98,36371696
6-Sep-12,18.74,19.26,18.72,18.96,46066347
5-Sep-12,18.27,18.75,18.18,18.58,60781719
4-Sep-12,18.08,18.27,17.55,17.73,46622354
31-Aug-12,18.68,18.70,18.03,18.06,58764170
30-Aug-12,19.27,19.45,19.06,19.09,30647472
29-Aug-12,19.32,19.38,19.07,19.10,16124625
28-Aug-12,19.10,19.38,18.95,19.34,25425786
27-Aug-12,19.49,19.53,19.10,19.15,20703907
24-Aug-12,19.52,19.68,19.25,19.41,29622155
23-Aug-12,19.50,19.73,19.36,19.44,32813310
22-Aug-12,19.36,19.53,18.96,19.44,49892130
21-Aug-12,19.58,19.98,19.09,19.16,70640462
20-Aug-12,19.05,20.13,18.75,20.01,101186524
17-Aug-12,20.00,20.08,19.00,19.05,129293342
16-Aug-12,20.44,20.48,19.69,19.87,157554938
15-Aug-12,20.64,21.41,20.40,21.20,47860767
14-Aug-12,21.41,21.60,20.25,20.38,39308634
13-Aug-12,22.15,22.45,21.40,21.60,24972973
10-Aug-12,21.41,21.82,21.13,21.81,25794673
9-Aug-12,20.75,21.17,20.61,21.01,15618515
8-Aug-12,20.71,21.15,20.22,20.72,29537376
7-Aug-12,22.20,22.45,20.50,20.72,36782827
6-Aug-12,21.39,22.15,21.30,21.92,27778038
3-Aug-12,20.36,22.16,19.90,21.09,80646975
2-Aug-12,20.77,20.84,19.82,20.04,56374436
1-Aug-12,21.50,21.58,20.84,20.88,44604365
31-Jul-12,23.37,23.37,21.61,21.71,56179322
30-Jul-12,24.00,24.04,23.03,23.15,29285895
27-Jul-12,23.19,24.54,22.28,23.70,123098340
26-Jul-12,27.75,28.23,26.73,26.84,64597378
25-Jul-12,28.39,29.49,28.08,29.34,17230154
24-Jul-12,28.82,29.45,28.10,28.45,11539799
23-Jul-12,28.12,29.00,28.01,28.75,12393864
20-Jul-12,29.00,29.47,28.72,28.76,11869046
19-Jul-12,29.41,29.50,28.63,29.00,13685031
18-Jul-12,28.31,29.29,28.15,29.11,16841779
17-Jul-12,28.48,28.59,27.15,28.09,30438551
16-Jul-12,30.50,30.50,28.21,28.24,24672074
13-Jul-12,31.04,31.07,30.56,30.72,8117346
12-Jul-12,30.70,31.40,30.60,30.81,11306636
11-Jul-12,31.48,31.56,30.55,30.97,13027752
10-Jul-12,32.43,32.48,31.16,31.47,14276996
9-Jul-12,32.10,32.88,31.99,32.17,17785180
6-Jul-12,31.44,31.90,31.26,31.73,10949006
5-Jul-12,31.32,31.62,31.02,31.47,10036688
3-Jul-12,30.91,31.44,30.80,31.20,8765498
2-Jul-12,31.25,31.73,30.55,30.77,14131476
29-Jun-12,31.92,31.99,30.76,31.10,19526823
28-Jun-12,31.96,32.19,30.90,31.36,17713292
27-Jun-12,32.46,32.90,31.90,32.23,28599506
26-Jun-12,32.69,33.44,32.50,33.10,24858611
25-Jun-12,32.86,33.02,31.55,32.06,24352818
22-Jun-12,32.41,33.45,32.06,33.05,74833976
21-Jun-12,31.67,32.50,31.51,31.84,21875228
20-Jun-12,31.92,31.93,31.15,31.60,15558921
19-Jun-12,31.54,32.18,30.70,31.91,30848913
18-Jun-12,29.96,32.08,29.41,31.41,42978209
15-Jun-12,28.50,30.10,28.35,30.01,43563739
14-Jun-12,27.65,28.32,27.38,28.29,16854124
13-Jun-12,27.66,28.10,27.10,27.27,17118672
12-Jun-12,27.48,27.77,26.96,27.40,15822414
11-Jun-12,27.18,28.07,26.84,27.00,28225887
8-Jun-12,26.55,27.76,26.44,27.10,38033420
7-Jun-12,27.00,27.35,26.15,26.31,26167757
6-Jun-12,26.07,27.17,25.52,26.81,61487019
5-Jun-12,26.70,27.76,25.75,25.87,42473262
4-Jun-12,27.20,27.65,26.44,26.90,35230290
1-Jun-12,28.89,29.15,27.39,27.72,41855500
31-May-12,28.54,29.67,26.83,29.60,111639200
30-May-12,28.70,29.55,27.86,28.19,57267867
29-May-12,31.48,31.69,28.65,28.84,78060799
25-May-12,32.90,32.95,31.11,31.91,37189630
24-May-12,32.95,33.21,31.77,33.03,50275879
23-May-12,31.37,32.50,31.36,32.00,73721135
22-May-12,32.61,33.59,30.94,31.00,102053826
21-May-12,36.53,36.66,33.00,34.03,168309831
18-May-12,42.05,45.00,38.00,38.23,580587742
17-May-12,-,-,-,38.00,0
